EXTRACT_ID,SOURCE_SYSTEM,EXTRACT_TS,TENANCY_REF,PROPERTY_REF,TITLE,SURNAME,FORENAME,DOB,ADDR1,ADDR2,ADDR3,POSTCODE,TENANCY_START,TENANCY_TYPE,WEEKLY_RENT,ARREARS_WEEKS,ARREARS_BALANCE,LAST_HOUSING_OFFICER_VISIT,VISIT_OUTCOME,VISIT_OFFICER,ASB_CASES_OPEN,ASB_REF,ASB_LAST_REPORTED,ASB_NATURE,CONTACT_TEL,NOTES
HX-20260909-00018,OrchardHousing,"2026-09-09T22:14:03Z",T/88421/MCC,P-ANC-01862,,"HALE","M",12/03/1959,18 BENGAL STREET,ANCOATS,MANCHESTER,M46LN,03/11/2014,INTRO/SECURE,102.47,4,409.88,20/08/2026,NO ACCESS - CARD LEFT,K.BROWN,1,ASB/26/4419,02/09/2026,NOISE / NEIGHBOUR COMPLAINT (PROPERTY),07700900441,Rent recovery stage 1. Officer visit 20/08 no reply. ASB logged against property not tenant as alleged perpetrator.
HX-20260909-00019,OrchardHousing,"2026-09-09T22:14:03Z",T/77102/MCC,P-HLM-00911,Mr,SMITH,JOHN,15/01/1978,9 BONSALL STREET,HULME,MANCHESTER,M15 6EE,01/04/2019,SECURE,118.20,0,0.00,12/05/2026,COMPLETED,R.PATEL,0,,, ,0161 234 8801,
HX-20260909-00020,OrchardHousing,"2026-09-09T22:14:03Z",T/19004/MCC,P-HLM-00940,Mr,SMITH,JOHN,03/11/1952,9 BONSALL COURT,HULME,MANCHESTER,M15 6EF,18/09/2008,SECURE,96.15,2,192.30,03/07/2026,COMPLETED,R.PATEL,0,,, ,0161 234 7712,
HX-20260909-00021,OrchardHousing,"2026-09-09T22:14:03Z",T/55218/MCC,P-GRT-00477,Mr,HALE,DANIEL,04/06/1992,41 WELLINGTON STREET,GORTON,MANCHESTER,M18 8WU,14/02/2021,INTRODUCTORY,127.80,11,1405.80,01/03/2024,NO ACCESS,J.SINGH,0,,, ,07700900441,FORMER TENANCY. Evicted 18/04/2024 for rent arrears. Forwarding address unknown. Contact number retained.
HX-20260909-00022,OrchardHousing,"2026-09-09T22:14:03Z",T/66091/MCC,P-MST-02104,Ms,RAHMAN,AISHA,22/07/1990,4 VARLEY STREET,MILES PLATTING,MANCHESTER,M40 7QW,09/01/2023,SECURE,110.00,0,0.00,15/06/2026,COMPLETED,K.BROWN,0,,, ,07812 445901,
HX-20260909-00023,OrchardHousing,"2026-09-09T22:14:03Z",T/41077/MCC,P-ANC-01863,Mr,OKONKWO,PETER,30/09/1968,16 BENGAL STREET,ANCOATS,MANCHESTER,M4 6LN,21/08/2016,SECURE,102.47,0,0.00,20/08/2026,COMPLETED,K.BROWN,1,ASB/26/4419,02/09/2026,COMPLAINANT - NOISE FROM 18 BENGAL ST,07450 221198,Complainant on ASB/26/4419 (same block as T/88421/MCC).
HX-20260909-00024,OrchardHousing,"2026-09-09T22:14:03Z",T/88301/MCC,P-WYTH-01550,Mrs,PRICE,SUSAN,19/12/1955,72 FLAT 3 SALISBURY HOUSE,WYTHENSHAWE,MANCHESTER,M22 5RF,06/06/2001,SECURE,89.40,1,89.40,11/08/2026,COMPLETED,A.KHAN,0,,, ,0161 498 2204,
HX-20260909-00025,OrchardHousing,"2026-09-09T22:14:03Z",T/90112/MCC,P-ANC-02207,,BRENNAN,C,14/08/1997,11 POLAND STREET,ANCOATS,MANCHESTER,M46BN,19/01/2025,INTRODUCTORY,115.60,9,1040.40,28/08/2026,NO ACCESS - CARD LEFT,J.SINGH,0,,, ,07700900882,NOSP served 15/08/2026. 9 weeks arrears. Introductory tenancy at risk. No reply to last two visits.
HX-20260909-00026,OrchardHousing,"2026-09-09T22:14:03Z",T/33008/MCC,P-ANC-00714,Mrs,NWOSU,I,02/01/1945,FLAT 7 30 REDHILL STREET,ANCOATS,MANCHESTER,M45AE,08/05/1999,SECURE,94.10,0,0.00,04/09/2026,NO ACCESS - CARD LEFT,K.BROWN,0,,, ,01612284401,Long-term tenant. No arrears. Officer could not gain access. Neighbour had reported concern about not seeing her.
