source,source_record_id,record_type,family,given,name_display,dob_raw,sex_raw,address_raw,postcode_raw,phone_raw,nhs_number,uprn,payload_json
mcc_housing,T/88421/MCC,tenancy,HALE,M,M HALE,12/03/1959,,"18 BENGAL STREET, ANCOATS, MANCHESTER",M46LN,07700900441,,,"{""EXTRACT_ID"": ""HX-20260909-00018"", ""SOURCE_SYSTEM"": ""OrchardHousing"", ""EXTRACT_TS"": ""2026-09-09T22:14:03Z"", ""TENANCY_REF"": ""T/88421/MCC"", ""PROPERTY_REF"": ""P-ANC-01862"", ""TITLE"": """", ""SURNAME"": ""HALE"", ""FORENAME"": ""M"", ""DOB"": ""12/03/1959"", ""ADDR1"": ""18 BENGAL STREET"", ""ADDR2"": ""ANCOATS"", ""ADDR3"": ""MANCHESTER"", ""POSTCODE"": ""M46LN"", ""TENANCY_START"": ""03/11/2014"", ""TENANCY_TYPE"": ""INTRO/SECURE"", ""WEEKLY_RENT"": ""102.47"", ""ARREARS_WEEKS"": ""4"", ""ARREARS_BALANCE"": ""409.88"", ""LAST_HOUSING_OFFICER_VISIT"": ""20/08/2026"", ""VISIT_OUTCOME"": ""NO ACCESS - CARD LEFT"", ""VISIT_OFFICER"": ""K.BROWN"", ""ASB_CASES_OPEN"": ""1"", ""ASB_REF"": ""ASB/26/4419"", ""ASB_LAST_REPORTED"": ""02/09/2026"", ""ASB_NATURE"": ""NOISE / NEIGHBOUR COMPLAINT (PROPERTY)"", ""CONTACT_TEL"": ""07700900441"", ""NOTES"": ""Rent recovery stage 1. Officer visit 20/08 no reply. ASB logged against property not tenant as alleged perpetrator.""}"
mcc_housing,T/77102/MCC,tenancy,SMITH,JOHN,Mr JOHN SMITH,15/01/1978,,"9 BONSALL STREET, HULME, MANCHESTER",M15 6EE,0161 234 8801,,,"{""EXTRACT_ID"": ""HX-20260909-00019"", ""SOURCE_SYSTEM"": ""OrchardHousing"", ""EXTRACT_TS"": ""2026-09-09T22:14:03Z"", ""TENANCY_REF"": ""T/77102/MCC"", ""PROPERTY_REF"": ""P-HLM-00911"", ""TITLE"": ""Mr"", ""SURNAME"": ""SMITH"", ""FORENAME"": ""JOHN"", ""DOB"": ""15/01/1978"", ""ADDR1"": ""9 BONSALL STREET"", ""ADDR2"": ""HULME"", ""ADDR3"": ""MANCHESTER"", ""POSTCODE"": ""M15 6EE"", ""TENANCY_START"": ""01/04/2019"", ""TENANCY_TYPE"": ""SECURE"", ""WEEKLY_RENT"": ""118.20"", ""ARREARS_WEEKS"": ""0"", ""ARREARS_BALANCE"": ""0.00"", ""LAST_HOUSING_OFFICER_VISIT"": ""12/05/2026"", ""VISIT_OUTCOME"": ""COMPLETED"", ""VISIT_OFFICER"": ""R.PATEL"", ""ASB_CASES_OPEN"": ""0"", ""ASB_REF"": """", ""ASB_LAST_REPORTED"": """", ""ASB_NATURE"": "" "", ""CONTACT_TEL"": ""0161 234 8801"", ""NOTES"": """"}"
mcc_housing,T/19004/MCC,tenancy,SMITH,JOHN,Mr JOHN SMITH,03/11/1952,,"9 BONSALL COURT, HULME, MANCHESTER",M15 6EF,0161 234 7712,,,"{""EXTRACT_ID"": ""HX-20260909-00020"", ""SOURCE_SYSTEM"": ""OrchardHousing"", ""EXTRACT_TS"": ""2026-09-09T22:14:03Z"", ""TENANCY_REF"": ""T/19004/MCC"", ""PROPERTY_REF"": ""P-HLM-00940"", ""TITLE"": ""Mr"", ""SURNAME"": ""SMITH"", ""FORENAME"": ""JOHN"", ""DOB"": ""03/11/1952"", ""ADDR1"": ""9 BONSALL COURT"", ""ADDR2"": ""HULME"", ""ADDR3"": ""MANCHESTER"", ""POSTCODE"": ""M15 6EF"", ""TENANCY_START"": ""18/09/2008"", ""TENANCY_TYPE"": ""SECURE"", ""WEEKLY_RENT"": ""96.15"", ""ARREARS_WEEKS"": ""2"", ""ARREARS_BALANCE"": ""192.30"", ""LAST_HOUSING_OFFICER_VISIT"": ""03/07/2026"", ""VISIT_OUTCOME"": ""COMPLETED"", ""VISIT_OFFICER"": ""R.PATEL"", ""ASB_CASES_OPEN"": ""0"", ""ASB_REF"": """", ""ASB_LAST_REPORTED"": """", ""ASB_NATURE"": "" "", ""CONTACT_TEL"": ""0161 234 7712"", ""NOTES"": """"}"
mcc_housing,T/55218/MCC,tenancy,HALE,DANIEL,Mr DANIEL HALE,04/06/1992,,"41 WELLINGTON STREET, GORTON, MANCHESTER",M18 8WU,07700900441,,,"{""EXTRACT_ID"": ""HX-20260909-00021"", ""SOURCE_SYSTEM"": ""OrchardHousing"", ""EXTRACT_TS"": ""2026-09-09T22:14:03Z"", ""TENANCY_REF"": ""T/55218/MCC"", ""PROPERTY_REF"": ""P-GRT-00477"", ""TITLE"": ""Mr"", ""SURNAME"": ""HALE"", ""FORENAME"": ""DANIEL"", ""DOB"": ""04/06/1992"", ""ADDR1"": ""41 WELLINGTON STREET"", ""ADDR2"": ""GORTON"", ""ADDR3"": ""MANCHESTER"", ""POSTCODE"": ""M18 8WU"", ""TENANCY_START"": ""14/02/2021"", ""TENANCY_TYPE"": ""INTRODUCTORY"", ""WEEKLY_RENT"": ""127.80"", ""ARREARS_WEEKS"": ""11"", ""ARREARS_BALANCE"": ""1405.80"", ""LAST_HOUSING_OFFICER_VISIT"": ""01/03/2024"", ""VISIT_OUTCOME"": ""NO ACCESS"", ""VISIT_OFFICER"": ""J.SINGH"", ""ASB_CASES_OPEN"": ""0"", ""ASB_REF"": """", ""ASB_LAST_REPORTED"": """", ""ASB_NATURE"": "" "", ""CONTACT_TEL"": ""07700900441"", ""NOTES"": ""FORMER TENANCY. Evicted 18/04/2024 for rent arrears. Forwarding address unknown. Contact number retained.""}"
mcc_housing,T/66091/MCC,tenancy,RAHMAN,AISHA,Ms AISHA RAHMAN,22/07/1990,,"4 VARLEY STREET, MILES PLATTING, MANCHESTER",M40 7QW,07812 445901,,,"{""EXTRACT_ID"": ""HX-20260909-00022"", ""SOURCE_SYSTEM"": ""OrchardHousing"", ""EXTRACT_TS"": ""2026-09-09T22:14:03Z"", ""TENANCY_REF"": ""T/66091/MCC"", ""PROPERTY_REF"": ""P-MST-02104"", ""TITLE"": ""Ms"", ""SURNAME"": ""RAHMAN"", ""FORENAME"": ""AISHA"", ""DOB"": ""22/07/1990"", ""ADDR1"": ""4 VARLEY STREET"", ""ADDR2"": ""MILES PLATTING"", ""ADDR3"": ""MANCHESTER"", ""POSTCODE"": ""M40 7QW"", ""TENANCY_START"": ""09/01/2023"", ""TENANCY_TYPE"": ""SECURE"", ""WEEKLY_RENT"": ""110.00"", ""ARREARS_WEEKS"": ""0"", ""ARREARS_BALANCE"": ""0.00"", ""LAST_HOUSING_OFFICER_VISIT"": ""15/06/2026"", ""VISIT_OUTCOME"": ""COMPLETED"", ""VISIT_OFFICER"": ""K.BROWN"", ""ASB_CASES_OPEN"": ""0"", ""ASB_REF"": """", ""ASB_LAST_REPORTED"": """", ""ASB_NATURE"": "" "", ""CONTACT_TEL"": ""07812 445901"", ""NOTES"": """"}"
mcc_housing,T/41077/MCC,tenancy,OKONKWO,PETER,Mr PETER OKONKWO,30/09/1968,,"16 BENGAL STREET, ANCOATS, MANCHESTER",M4 6LN,07450 221198,,,"{""EXTRACT_ID"": ""HX-20260909-00023"", ""SOURCE_SYSTEM"": ""OrchardHousing"", ""EXTRACT_TS"": ""2026-09-09T22:14:03Z"", ""TENANCY_REF"": ""T/41077/MCC"", ""PROPERTY_REF"": ""P-ANC-01863"", ""TITLE"": ""Mr"", ""SURNAME"": ""OKONKWO"", ""FORENAME"": ""PETER"", ""DOB"": ""30/09/1968"", ""ADDR1"": ""16 BENGAL STREET"", ""ADDR2"": ""ANCOATS"", ""ADDR3"": ""MANCHESTER"", ""POSTCODE"": ""M4 6LN"", ""TENANCY_START"": ""21/08/2016"", ""TENANCY_TYPE"": ""SECURE"", ""WEEKLY_RENT"": ""102.47"", ""ARREARS_WEEKS"": ""0"", ""ARREARS_BALANCE"": ""0.00"", ""LAST_HOUSING_OFFICER_VISIT"": ""20/08/2026"", ""VISIT_OUTCOME"": ""COMPLETED"", ""VISIT_OFFICER"": ""K.BROWN"", ""ASB_CASES_OPEN"": ""1"", ""ASB_REF"": ""ASB/26/4419"", ""ASB_LAST_REPORTED"": ""02/09/2026"", ""ASB_NATURE"": ""COMPLAINANT - NOISE FROM 18 BENGAL ST"", ""CONTACT_TEL"": ""07450 221198"", ""NOTES"": ""Complainant on ASB/26/4419 (same block as T/88421/MCC).""}"
mcc_housing,T/88301/MCC,tenancy,PRICE,SUSAN,Mrs SUSAN PRICE,19/12/1955,,"72 FLAT 3 SALISBURY HOUSE, WYTHENSHAWE, MANCHESTER",M22 5RF,0161 498 2204,,,"{""EXTRACT_ID"": ""HX-20260909-00024"", ""SOURCE_SYSTEM"": ""OrchardHousing"", ""EXTRACT_TS"": ""2026-09-09T22:14:03Z"", ""TENANCY_REF"": ""T/88301/MCC"", ""PROPERTY_REF"": ""P-WYTH-01550"", ""TITLE"": ""Mrs"", ""SURNAME"": ""PRICE"", ""FORENAME"": ""SUSAN"", ""DOB"": ""19/12/1955"", ""ADDR1"": ""72 FLAT 3 SALISBURY HOUSE"", ""ADDR2"": ""WYTHENSHAWE"", ""ADDR3"": ""MANCHESTER"", ""POSTCODE"": ""M22 5RF"", ""TENANCY_START"": ""06/06/2001"", ""TENANCY_TYPE"": ""SECURE"", ""WEEKLY_RENT"": ""89.40"", ""ARREARS_WEEKS"": ""1"", ""ARREARS_BALANCE"": ""89.40"", ""LAST_HOUSING_OFFICER_VISIT"": ""11/08/2026"", ""VISIT_OUTCOME"": ""COMPLETED"", ""VISIT_OFFICER"": ""A.KHAN"", ""ASB_CASES_OPEN"": ""0"", ""ASB_REF"": """", ""ASB_LAST_REPORTED"": """", ""ASB_NATURE"": "" "", ""CONTACT_TEL"": ""0161 498 2204"", ""NOTES"": """"}"
mcc_housing,T/90112/MCC,tenancy,BRENNAN,C,C BRENNAN,14/08/1997,,"11 POLAND STREET, ANCOATS, MANCHESTER",M46BN,07700900882,,,"{""EXTRACT_ID"": ""HX-20260909-00025"", ""SOURCE_SYSTEM"": ""OrchardHousing"", ""EXTRACT_TS"": ""2026-09-09T22:14:03Z"", ""TENANCY_REF"": ""T/90112/MCC"", ""PROPERTY_REF"": ""P-ANC-02207"", ""TITLE"": """", ""SURNAME"": ""BRENNAN"", ""FORENAME"": ""C"", ""DOB"": ""14/08/1997"", ""ADDR1"": ""11 POLAND STREET"", ""ADDR2"": ""ANCOATS"", ""ADDR3"": ""MANCHESTER"", ""POSTCODE"": ""M46BN"", ""TENANCY_START"": ""19/01/2025"", ""TENANCY_TYPE"": ""INTRODUCTORY"", ""WEEKLY_RENT"": ""115.60"", ""ARREARS_WEEKS"": ""9"", ""ARREARS_BALANCE"": ""1040.40"", ""LAST_HOUSING_OFFICER_VISIT"": ""28/08/2026"", ""VISIT_OUTCOME"": ""NO ACCESS - CARD LEFT"", ""VISIT_OFFICER"": ""J.SINGH"", ""ASB_CASES_OPEN"": ""0"", ""ASB_REF"": """", ""ASB_LAST_REPORTED"": """", ""ASB_NATURE"": "" "", ""CONTACT_TEL"": ""07700900882"", ""NOTES"": ""NOSP served 15/08/2026. 9 weeks arrears. Introductory tenancy at risk. No reply to last two visits.""}"
mcc_housing,T/33008/MCC,tenancy,NWOSU,I,Mrs I NWOSU,02/01/1945,,"FLAT 7 30 REDHILL STREET, ANCOATS, MANCHESTER",M45AE,01612284401,,,"{""EXTRACT_ID"": ""HX-20260909-00026"", ""SOURCE_SYSTEM"": ""OrchardHousing"", ""EXTRACT_TS"": ""2026-09-09T22:14:03Z"", ""TENANCY_REF"": ""T/33008/MCC"", ""PROPERTY_REF"": ""P-ANC-00714"", ""TITLE"": ""Mrs"", ""SURNAME"": ""NWOSU"", ""FORENAME"": ""I"", ""DOB"": ""02/01/1945"", ""ADDR1"": ""FLAT 7 30 REDHILL STREET"", ""ADDR2"": ""ANCOATS"", ""ADDR3"": ""MANCHESTER"", ""POSTCODE"": ""M45AE"", ""TENANCY_START"": ""08/05/1999"", ""TENANCY_TYPE"": ""SECURE"", ""WEEKLY_RENT"": ""94.10"", ""ARREARS_WEEKS"": ""0"", ""ARREARS_BALANCE"": ""0.00"", ""LAST_HOUSING_OFFICER_VISIT"": ""04/09/2026"", ""VISIT_OUTCOME"": ""NO ACCESS - CARD LEFT"", ""VISIT_OFFICER"": ""K.BROWN"", ""ASB_CASES_OPEN"": ""0"", ""ASB_REF"": """", ""ASB_LAST_REPORTED"": """", ""ASB_NATURE"": "" "", ""CONTACT_TEL"": ""01612284401"", ""NOTES"": ""Long-term tenant. No arrears. Officer could not gain access. Neighbour had reported concern about not seeing her.""}"
gp_emis,pat-9434765919,patient,Hale,Maggie,Maggie Hale,1959-03-12,female,"18 Bengal Street, New Islington, Manchester",M4 6LN,07700 900441,9434765919,,"{""resourceType"": ""Patient"", ""id"": ""pat-9434765919"", ""identifier"": [{""system"": ""https://fhir.nhs.uk/Id/nhs-number"", ""value"": ""9434765919""}, {""system"": ""https://emis.com/Id/PatientNumber"", ""value"": ""EMIS-ANC-104882""}], ""name"": [{""use"": ""usual"", ""family"": ""Hale"", ""given"": [""Maggie""], ""prefix"": [""Mrs""]}, {""use"": ""old"", ""family"": ""Hale"", ""given"": [""Margaret""]}], ""gender"": ""female"", ""birthDate"": ""1959-03-12"", ""address"": [{""use"": ""home"", ""line"": [""18 Bengal Street"", ""New Islington""], ""city"": ""Manchester"", ""postalCode"": ""M4 6LN"", ""country"": ""GB""}], ""telecom"": [{""system"": ""phone"", ""value"": ""07700 900441"", ""use"": ""mobile""}], ""extension"": [{""url"": ""https://fhir.nhs.uk/StructureDefinition/Extension-household-status"", ""valueCodeableConcept"": {""coding"": [{""system"": ""http://snomed.info/sct"", ""code"": ""224137008"", ""display"": ""Lives alone""}]}}]}"
gp_emis,cond-104882-dep,condition,,,,,,,,,,,"{""subject"": ""Patient/pat-9434765919"", ""status"": {""coding"": [{""system"": ""http://terminology.hl7.org/CodeSystem/condition-clinical"", ""code"": ""active""}]}, ""description"": ""Depression (recurrent) - QOF register"", ""start"": null, ""onsetDateTime"": ""2024-11-03""}"
gp_emis,appt-104882-20260714,appointment,,,,,,,,,,,"{""subject"": """", ""status"": ""noshow"", ""description"": ""DNA - Practice nurse / chronic disease review"", ""start"": ""2026-07-14T10:20:00+01:00"", ""onsetDateTime"": null}"
gp_emis,appt-104882-20260804,appointment,,,,,,,,,,,"{""subject"": """", ""status"": ""noshow"", ""description"": ""DNA - GP follow-up (mood / medication review)"", ""start"": ""2026-08-04T15:00:00+01:00"", ""onsetDateTime"": null}"
gp_emis,appt-104882-20260901,appointment,,,,,,,,,,,"{""subject"": """", ""status"": ""noshow"", ""description"": ""DNA - GP"", ""start"": ""2026-09-01T09:30:00+01:00"", ""onsetDateTime"": null}"
gp_emis,pat-4010239818,patient,Smith,John Michael,John Michael Smith,1978-01-15,male,"9 Bonsall Street, Manchester",M15 6EE,,4010239818,,"{""resourceType"": ""Patient"", ""id"": ""pat-4010239818"", ""identifier"": [{""system"": ""https://fhir.nhs.uk/Id/nhs-number"", ""value"": ""4010239818""}], ""name"": [{""use"": ""usual"", ""family"": ""Smith"", ""given"": [""John"", ""Michael""]}], ""gender"": ""male"", ""birthDate"": ""1978-01-15"", ""address"": [{""use"": ""home"", ""line"": [""9 Bonsall Street""], ""city"": ""Manchester"", ""postalCode"": ""M15 6EE""}]}"
gp_emis,appt-smith-jm-20260902,appointment,,,,,,,,,,,"{""subject"": """", ""status"": ""fulfilled"", ""description"": ""Attended - asthma review"", ""start"": ""2026-09-02T11:00:00+01:00"", ""onsetDateTime"": null}"
gp_emis,pat-6875542103,patient,Smith,John,John Smith,1952-11-03,male,"9 Bonsall Court, Manchester",M15 6EF,,6875542103,,"{""resourceType"": ""Patient"", ""id"": ""pat-6875542103"", ""identifier"": [{""system"": ""https://fhir.nhs.uk/Id/nhs-number"", ""value"": ""6875542103""}], ""name"": [{""use"": ""usual"", ""family"": ""Smith"", ""given"": [""John""]}], ""gender"": ""male"", ""birthDate"": ""1952-11-03"", ""address"": [{""use"": ""home"", ""line"": [""9 Bonsall Court""], ""city"": ""Manchester"", ""postalCode"": ""M15 6EF""}]}"
gp_emis,pat-2201987765,patient,Rahman,Aisha,Aisha Rahman,1990-07-22,female,"4 Varley Street, Manchester",M40 7QW,,2201987765,,"{""resourceType"": ""Patient"", ""id"": ""pat-2201987765"", ""identifier"": [{""system"": ""https://fhir.nhs.uk/Id/nhs-number"", ""value"": ""2201987765""}], ""name"": [{""use"": ""usual"", ""family"": ""Rahman"", ""given"": [""Aisha""]}], ""gender"": ""female"", ""birthDate"": ""1990-07-22"", ""address"": [{""use"": ""home"", ""line"": [""4 Varley Street""], ""city"": ""Manchester"", ""postalCode"": ""M40 7QW""}]}"
gp_emis,pat-6129843301,patient,Brennan,Callum,Callum Brennan,1997-08-14,male,"11 Poland Street, Ancoats, Manchester",M4 6BN,07700 900882,6129843301,,"{""resourceType"": ""Patient"", ""id"": ""pat-6129843301"", ""identifier"": [{""system"": ""https://fhir.nhs.uk/Id/nhs-number"", ""value"": ""6129843301""}, {""system"": ""https://emis.com/Id/PatientNumber"", ""value"": ""EMIS-ANC-118903""}], ""name"": [{""use"": ""usual"", ""family"": ""Brennan"", ""given"": [""Callum""], ""prefix"": [""Mr""]}, {""use"": ""nickname"", ""given"": [""Cal""]}], ""gender"": ""male"", ""birthDate"": ""1997-08-14"", ""address"": [{""use"": ""home"", ""line"": [""11 Poland Street"", ""Ancoats""], ""city"": ""Manchester"", ""postalCode"": ""M4 6BN"", ""country"": ""GB""}], ""telecom"": [{""system"": ""phone"", ""value"": ""07700 900882"", ""use"": ""mobile""}]}"
gp_emis,cond-118903-anx,condition,,,,,,,,,,,"{""subject"": ""Patient/pat-6129843301"", ""status"": {""coding"": [{""system"": ""http://terminology.hl7.org/CodeSystem/condition-clinical"", ""code"": ""active""}]}, ""description"": ""Anxiety disorder"", ""start"": null, ""onsetDateTime"": ""2025-10-12""}"
gp_emis,appt-118903-20260812,appointment,,,,,,,,,,,"{""subject"": """", ""status"": ""noshow"", ""description"": ""DNA - GP (mood / housing stress)"", ""start"": ""2026-08-12T16:20:00+01:00"", ""onsetDateTime"": null}"
gp_emis,appt-118903-20260903,appointment,,,,,,,,,,,"{""subject"": """", ""status"": ""noshow"", ""description"": ""DNA - GP"", ""start"": ""2026-09-03T09:10:00+01:00"", ""onsetDateTime"": null}"
gp_emis,pat-3087765412,patient,Nwosu,Irena,Irena Nwosu,1945-01-02,female,"Flat 7, 30 Redhill Street, Manchester",M4 5AE,0161 228 4401,3087765412,,"{""resourceType"": ""Patient"", ""id"": ""pat-3087765412"", ""identifier"": [{""system"": ""https://fhir.nhs.uk/Id/nhs-number"", ""value"": ""3087765412""}, {""system"": ""https://emis.com/Id/PatientNumber"", ""value"": ""EMIS-ANC-055017""}], ""name"": [{""use"": ""usual"", ""family"": ""Nwosu"", ""given"": [""Irena""], ""prefix"": [""Mrs""]}, {""use"": ""old"", ""family"": ""Nwosu"", ""given"": [""Irene""]}], ""gender"": ""female"", ""birthDate"": ""1945-01-02"", ""address"": [{""use"": ""home"", ""line"": [""Flat 7"", ""30 Redhill Street""], ""city"": ""Manchester"", ""postalCode"": ""M4 5AE"", ""country"": ""GB""}], ""telecom"": [{""system"": ""phone"", ""value"": ""0161 228 4401"", ""use"": ""home""}], ""extension"": [{""url"": ""https://fhir.nhs.uk/StructureDefinition/Extension-household-status"", ""valueCodeableConcept"": {""coding"": [{""system"": ""http://snomed.info/sct"", ""code"": ""224137008"", ""display"": ""Lives alone""}]}}]}"
gp_emis,cond-055017-frailty,condition,,,,,,,,,,,"{""subject"": ""Patient/pat-3087765412"", ""status"": {""coding"": [{""system"": ""http://terminology.hl7.org/CodeSystem/condition-clinical"", ""code"": ""active""}]}, ""description"": ""Hypertension - QOF register"", ""start"": null, ""onsetDateTime"": ""2016-04-01""}"
gp_emis,appt-055017-20260722,appointment,,,,,,,,,,,"{""subject"": """", ""status"": ""noshow"", ""description"": ""DNA - Practice nurse / BP review"", ""start"": ""2026-07-22T10:00:00+01:00"", ""onsetDateTime"": null}"
gp_emis,appt-055017-20260826,appointment,,,,,,,,,,,"{""subject"": """", ""status"": ""noshow"", ""description"": ""DNA - GP"", ""start"": ""2026-08-26T14:30:00+01:00"", ""onsetDateTime"": null}"
adult_social_care,ASC/26/10994,case,,,Hale / female,Mar 1959,67y female,"Ancoats, 18 Bengal St, Manchester",M4 6LN,,,10093022184,"{""ExportRun"": ""2026-09-09 19:03"", ""System"": ""Mosaic v21.8"", ""LA"": ""Manchester City Council"", ""CaseID"": ""ASC/26/10994"", ""PersonRef"": ""PR-884120"", ""DisplayName"": ""Hale / female"", ""AgeSex"": ""67y female"", ""DOB_Text"": ""Mar 1959"", ""AddressAsRecorded"": ""Ancoats, 18 Bengal St, Manchester"", ""Postcode"": ""M4 6LN"", ""UPRN"": ""10093022184"", ""ContactDate"": ""2026-06-17"", ""ContactReason"": ""Low mood / isolation concern from GP admin"", ""Pathway"": ""Community / early help"", ""CaseStatus"": ""Open - low level"", ""AllocatedTeam"": ""Unallocated Duty"", ""AllocatedWorker"": """", ""WorkerID"": """", ""RAG"": ""Amber"", ""NextReview"": ""2026-10-01"", ""SafeguardingOpen"": ""N"", ""CareActAssessment"": ""N"", ""Notes"": ""No allocated worker. Logged after GP admin query. Not progressed to Care Act assessment. Duty only. Lives alone recorded on contact.""}"
adult_social_care,ASC/25/07712,case,,,Smith John,03/11/1952,73y male,"Hulme Manchester, 9 Bonsall Court",M15 6EF,,,10093088055,"{""ExportRun"": ""2026-09-09 19:03"", ""System"": ""Mosaic v21.8"", ""LA"": ""Manchester City Council"", ""CaseID"": ""ASC/25/07712"", ""PersonRef"": ""PR-190221"", ""DisplayName"": ""Smith John"", ""AgeSex"": ""73y male"", ""DOB_Text"": ""03/11/1952"", ""AddressAsRecorded"": ""Hulme Manchester, 9 Bonsall Court"", ""Postcode"": ""M15 6EF"", ""UPRN"": ""10093088055"", ""ContactDate"": ""2025-11-02"", ""ContactReason"": ""Reablement follow-up"", ""Pathway"": ""Reablement"", ""CaseStatus"": ""Closed"", ""AllocatedTeam"": ""North Reablement"", ""AllocatedWorker"": ""Davies P"", ""WorkerID"": ""WD-4412"", ""RAG"": ""Green"", ""NextReview"": """", ""SafeguardingOpen"": ""N"", ""CareActAssessment"": ""Y"", ""Notes"": ""Closed March 2026.""}"
adult_social_care,ASC/24/33081,case,,,Okonkwo Mr P,1968-09-30,57y male,16 Bengal Street Ancoats Manchester,M4 6LN,,,10093022190,"{""ExportRun"": ""2026-09-09 19:03"", ""System"": ""Mosaic v21.8"", ""LA"": ""Manchester City Council"", ""CaseID"": ""ASC/24/33081"", ""PersonRef"": ""PR-410002"", ""DisplayName"": ""Okonkwo Mr P"", ""AgeSex"": ""57y male"", ""DOB_Text"": ""1968-09-30"", ""AddressAsRecorded"": ""16 Bengal Street Ancoats Manchester"", ""Postcode"": ""M4 6LN"", ""UPRN"": ""10093022190"", ""ContactDate"": ""2024-02-11"", ""ContactReason"": ""Carer enquiry (not the carer)"", ""Pathway"": ""Information only"", ""CaseStatus"": ""Closed"", ""AllocatedTeam"": ""Duty"", ""AllocatedWorker"": """", ""WorkerID"": "" "", ""RAG"": ""Green"", ""NextReview"": """", ""SafeguardingOpen"": ""N"", ""CareActAssessment"": ""N"", ""Notes"": """"}"
adult_social_care,ASC/26/08801,case,,,Price Susan,19 Dec 1955,70y female,"Flat 3 Salisbury House, Wythenshawe",M22 5RF,,,10092881002,"{""ExportRun"": ""2026-09-09 19:03"", ""System"": ""Mosaic v21.8"", ""LA"": ""Manchester City Council"", ""CaseID"": ""ASC/26/08801"", ""PersonRef"": ""PR-552991"", ""DisplayName"": ""Price Susan"", ""AgeSex"": ""70y female"", ""DOB_Text"": ""19 Dec 1955"", ""AddressAsRecorded"": ""Flat 3 Salisbury House, Wythenshawe"", ""Postcode"": ""M22 5RF"", ""UPRN"": ""10092881002"", ""ContactDate"": ""2026-04-09"", ""ContactReason"": ""Falls / OT"", ""Pathway"": ""OT community"", ""CaseStatus"": ""Open"", ""AllocatedTeam"": ""South OT"", ""AllocatedWorker"": ""Khan A"", ""WorkerID"": ""WD-2281"", ""RAG"": ""Green"", ""NextReview"": ""2026-11-12"", ""SafeguardingOpen"": ""N"", ""CareActAssessment"": ""Y"", ""Notes"": """"}"
adult_social_care,ASC/26/14102,case,,,Brennan / male,Aug 1997,29y male,"Ancoats, 11 Poland St, Manchester",M4 6BN,,,10093300118,"{""ExportRun"": ""2026-09-09 19:03"", ""System"": ""Mosaic v21.8"", ""LA"": ""Manchester City Council"", ""CaseID"": ""ASC/26/14102"", ""PersonRef"": ""PR-901220"", ""DisplayName"": ""Brennan / male"", ""AgeSex"": ""29y male"", ""DOB_Text"": ""Aug 1997"", ""AddressAsRecorded"": ""Ancoats, 11 Poland St, Manchester"", ""Postcode"": ""M4 6BN"", ""UPRN"": ""10093300118"", ""ContactDate"": ""2026-08-18"", ""ContactReason"": ""Homelessness prevention / rent arrears (housing referral)"", ""Pathway"": ""Housing-related support"", ""CaseStatus"": ""Open - low level"", ""AllocatedTeam"": ""Unallocated Duty"", ""AllocatedWorker"": """", ""WorkerID"": "" "", ""RAG"": ""Red"", ""NextReview"": ""2026-09-25"", ""SafeguardingOpen"": ""N"", ""CareActAssessment"": ""N"", ""Notes"": ""No allocated worker. Housing NOSP on file. Duty contact only. Not Care Act.""}"
adult_social_care,ASC/26/12880,case,,,Nwosu / female,Jan 1945,81y female,"Flat 7 Redhill Street, Ancoats Manchester",M4 5AE,,,10093411209,"{""ExportRun"": ""2026-09-09 19:03"", ""System"": ""Mosaic v21.8"", ""LA"": ""Manchester City Council"", ""CaseID"": ""ASC/26/12880"", ""PersonRef"": ""PR-330140"", ""DisplayName"": ""Nwosu / female"", ""AgeSex"": ""81y female"", ""DOB_Text"": ""Jan 1945"", ""AddressAsRecorded"": ""Flat 7 Redhill Street, Ancoats Manchester"", ""Postcode"": ""M4 5AE"", ""UPRN"": ""10093411209"", ""ContactDate"": ""2026-09-04"", ""ContactReason"": ""Neighbour concern - not seen / isolation"", ""Pathway"": ""Community / early help"", ""CaseStatus"": ""Open - low level"", ""AllocatedTeam"": ""Unallocated Duty"", ""AllocatedWorker"": """", ""WorkerID"": "" "", ""RAG"": ""Amber"", ""NextReview"": ""2026-10-02"", ""SafeguardingOpen"": ""N"", ""CareActAssessment"": ""N"", ""Notes"": ""No allocated worker. Concern from neighbour via housing officer. Lives alone. No Care Act assessment.""}"
foodbank,FB-ANC-26-1882,visit,,Maggie,Maggie,,,,M4 6LN,,,,"{""visit_id"": ""FB-ANC-26-1882"", ""source"": ""AncoatsCommunityPantry"", ""system"": ""TrussellLocal-CSV2JSON"", ""recorded_at"": ""2026-07-28T10:06:00Z"", ""first_name"": ""Maggie"", ""postcode"": ""M4 6LN"", ""household_size"": 1, ""parcels"": 1, ""referral_org"": ""self"", ""notes"": null}"
foodbank,FB-ANC-26-1940,visit,,Maggie,Maggie,,,,M46LN,,,,"{""visit_id"": ""FB-ANC-26-1940"", ""source"": ""AncoatsCommunityPantry"", ""system"": ""TrussellLocal-CSV2JSON"", ""recorded_at"": ""2026-08-11T09:41:00Z"", ""first_name"": ""Maggie"", ""postcode"": ""M46LN"", ""household_size"": 1, ""parcels"": 1, ""referral_org"": ""self"", ""notes"": ""repeat""}"
foodbank,FB-ANC-26-2011,visit,,Mags,Mags,,,,M4 6LN,,,,"{""visit_id"": ""FB-ANC-26-2011"", ""source"": ""AncoatsCommunityPantry"", ""system"": ""TrussellLocal-CSV2JSON"", ""recorded_at"": ""2026-08-25T11:17:00Z"", ""first_name"": ""Mags"", ""postcode"": ""M4 6LN"", ""household_size"": 1, ""parcels"": 1, ""referral_org"": ""self"", ""notes"": null}"
foodbank,FB-ANC-26-2088,visit,,Maggie,Maggie,,,,m4 6ln,,,,"{""visit_id"": ""FB-ANC-26-2088"", ""source"": ""AncoatsCommunityPantry"", ""system"": ""TrussellLocal-CSV2JSON"", ""recorded_at"": ""2026-09-08T10:02:00Z"", ""first_name"": ""Maggie"", ""postcode"": ""m4 6ln"", ""household_size"": 1, ""parcels"": 2, ""referral_org"": ""self"", ""notes"": ""asked about electric""}"
foodbank,FB-ANC-26-1889,visit,,Peter,Peter,,,,M4 6LN,,,,"{""visit_id"": ""FB-ANC-26-1889"", ""source"": ""AncoatsCommunityPantry"", ""system"": ""TrussellLocal-CSV2JSON"", ""recorded_at"": ""2026-07-29T14:22:00Z"", ""first_name"": ""Peter"", ""postcode"": ""M4 6LN"", ""household_size"": 3, ""parcels"": 2, ""referral_org"": ""CitizensAdvice"", ""notes"": null}"
foodbank,FB-ANC-26-1994,visit,,Aisha,Aisha,,,,M40 7QW,,,,"{""visit_id"": ""FB-ANC-26-1994"", ""source"": ""AncoatsCommunityPantry"", ""system"": ""TrussellLocal-CSV2JSON"", ""recorded_at"": ""2026-08-18T16:03:00Z"", ""first_name"": ""Aisha"", ""postcode"": ""M40 7QW"", ""household_size"": 2, ""parcels"": 1, ""referral_org"": ""school"", ""notes"": null}"
foodbank,FB-ANC-26-2050,visit,,Susan,Susan,,,,M22 5RF,,,,"{""visit_id"": ""FB-ANC-26-2050"", ""source"": ""AncoatsCommunityPantry"", ""system"": ""TrussellLocal-CSV2JSON"", ""recorded_at"": ""2026-09-01T12:48:00Z"", ""first_name"": ""Susan"", ""postcode"": ""M22 5RF"", ""household_size"": 1, ""parcels"": 1, ""referral_org"": ""AgeUK"", ""notes"": null}"
foodbank,FB-ANC-26-1902,visit,,Callum,Callum,,,,M4 6BN,,,,"{""visit_id"": ""FB-ANC-26-1902"", ""source"": ""AncoatsCommunityPantry"", ""system"": ""TrussellLocal-CSV2JSON"", ""recorded_at"": ""2026-07-30T09:12:00Z"", ""first_name"": ""Callum"", ""postcode"": ""M4 6BN"", ""household_size"": 1, ""parcels"": 1, ""referral_org"": ""Shelter"", ""notes"": null}"
foodbank,FB-ANC-26-1988,visit,,Cal,Cal,,,,M46BN,,,,"{""visit_id"": ""FB-ANC-26-1988"", ""source"": ""AncoatsCommunityPantry"", ""system"": ""TrussellLocal-CSV2JSON"", ""recorded_at"": ""2026-08-20T09:55:00Z"", ""first_name"": ""Cal"", ""postcode"": ""M46BN"", ""household_size"": 1, ""parcels"": 1, ""referral_org"": ""Shelter"", ""notes"": ""repeat""}"
foodbank,FB-ANC-26-2071,visit,,Callum,Callum,,,,m4 6bn,,,,"{""visit_id"": ""FB-ANC-26-2071"", ""source"": ""AncoatsCommunityPantry"", ""system"": ""TrussellLocal-CSV2JSON"", ""recorded_at"": ""2026-09-05T10:33:00Z"", ""first_name"": ""Callum"", ""postcode"": ""m4 6bn"", ""household_size"": 1, ""parcels"": 1, ""referral_org"": ""self"", ""notes"": ""asked about hostel""}"
foodbank,FB-ANC-26-1931,visit,,Irene,Irene,,,,M4 5AE,,,,"{""visit_id"": ""FB-ANC-26-1931"", ""source"": ""AncoatsCommunityPantry"", ""system"": ""TrussellLocal-CSV2JSON"", ""recorded_at"": ""2026-08-06T11:04:00Z"", ""first_name"": ""Irene"", ""postcode"": ""M4 5AE"", ""household_size"": 1, ""parcels"": 1, ""referral_org"": ""AgeUK"", ""notes"": null}"
foodbank,FB-ANC-26-2064,visit,,Renie,Renie,,,,M45AE,,,,"{""visit_id"": ""FB-ANC-26-2064"", ""source"": ""AncoatsCommunityPantry"", ""system"": ""TrussellLocal-CSV2JSON"", ""recorded_at"": ""2026-09-03T11:40:00Z"", ""first_name"": ""Renie"", ""postcode"": ""M45AE"", ""household_size"": 1, ""parcels"": 1, ""referral_org"": ""AgeUK"", ""notes"": ""neighbour brought her""}"
revenues_energy,CTAX-M4-882341,COUNCIL_TAX,,,HALE M,,,18 BENGAL ST ANCOATS MANCHESTER,M4 6LN,,,10093022184,"{""EXTRACT_NAME"": ""MCC_REV_NIGHTLY"", ""EXTRACT_DATE"": ""2026-09-09"", ""ACCOUNT_REF"": ""CTAX-M4-882341"", ""ACCOUNT_TYPE"": ""COUNCIL_TAX"", ""ACCOUNT_NAME"": ""HALE M"", ""ADDR_FULL"": ""18 BENGAL ST ANCOATS MANCHESTER"", ""POSTCODE"": ""M4 6LN"", ""FORWARD_DATE"": ""2014-11-03"", ""BALANCE"": ""614.22"", ""IN_RECOVERY"": ""Y"", ""RECOVERY_STAGE"": ""REMINDER_2"", ""ARRANGEMENT_FLAG"": ""N"", ""LAST_PAYMENT_DATE"": ""2026-04-12"", ""LAST_PAYMENT_AMT"": ""52.00"", ""ENERGY_SUPPLIER_FLAG"": ""Y"", ""ENERGY_DEBT_FLAG"": ""Y"", ""ENERGY_DEBT_BAND"": ""\u00a3500-999"", ""NIN_PRESENT"": ""N"", ""DOB_PRESENT"": ""N"", ""UPRN"": ""10093022184""}"
revenues_energy,CTAX-M15-119002,COUNCIL_TAX,,,SMITH J,,,9 BONSALL STREET HULME,M15 6EE,,,10093088012,"{""EXTRACT_NAME"": ""MCC_REV_NIGHTLY"", ""EXTRACT_DATE"": ""2026-09-09"", ""ACCOUNT_REF"": ""CTAX-M15-119002"", ""ACCOUNT_TYPE"": ""COUNCIL_TAX"", ""ACCOUNT_NAME"": ""SMITH J"", ""ADDR_FULL"": ""9 BONSALL STREET HULME"", ""POSTCODE"": ""M15 6EE"", ""FORWARD_DATE"": ""2019-04-01"", ""BALANCE"": ""0.00"", ""IN_RECOVERY"": ""N"", ""RECOVERY_STAGE"": ""NONE"", ""ARRANGEMENT_FLAG"": ""N"", ""LAST_PAYMENT_DATE"": ""2026-09-01"", ""LAST_PAYMENT_AMT"": ""118.20"", ""ENERGY_SUPPLIER_FLAG"": ""N"", ""ENERGY_DEBT_FLAG"": ""N"", ""ENERGY_DEBT_BAND"": """", ""NIN_PRESENT"": ""N"", ""DOB_PRESENT"": ""N"", ""UPRN"": ""10093088012""}"
revenues_energy,CTAX-M15-119887,COUNCIL_TAX,,,SMITH JOHN,,,9 BONSALL COURT HULME MANCHESTER,M15 6EF,,,10093088055,"{""EXTRACT_NAME"": ""MCC_REV_NIGHTLY"", ""EXTRACT_DATE"": ""2026-09-09"", ""ACCOUNT_REF"": ""CTAX-M15-119887"", ""ACCOUNT_TYPE"": ""COUNCIL_TAX"", ""ACCOUNT_NAME"": ""SMITH JOHN"", ""ADDR_FULL"": ""9 BONSALL COURT HULME MANCHESTER"", ""POSTCODE"": ""M15 6EF"", ""FORWARD_DATE"": ""2008-09-18"", ""BALANCE"": ""210.40"", ""IN_RECOVERY"": ""Y"", ""RECOVERY_STAGE"": ""FINAL_NOTICE"", ""ARRANGEMENT_FLAG"": ""N"", ""LAST_PAYMENT_DATE"": ""2026-06-20"", ""LAST_PAYMENT_AMT"": ""40.00"", ""ENERGY_SUPPLIER_FLAG"": ""N"", ""ENERGY_DEBT_FLAG"": ""N"", ""ENERGY_DEBT_BAND"": """", ""NIN_PRESENT"": ""N"", ""DOB_PRESENT"": ""N"", ""UPRN"": ""10093088055""}"
revenues_energy,CTAX-M18-441900,COUNCIL_TAX,,,HALE D,,,41 WELLINGTON ST GORTON,M18 8WU,,,10093110220,"{""EXTRACT_NAME"": ""MCC_REV_NIGHTLY"", ""EXTRACT_DATE"": ""2026-09-09"", ""ACCOUNT_REF"": ""CTAX-M18-441900"", ""ACCOUNT_TYPE"": ""COUNCIL_TAX"", ""ACCOUNT_NAME"": ""HALE D"", ""ADDR_FULL"": ""41 WELLINGTON ST GORTON"", ""POSTCODE"": ""M18 8WU"", ""FORWARD_DATE"": ""2021-02-14"", ""BALANCE"": ""1888.10"", ""IN_RECOVERY"": ""Y"", ""RECOVERY_STAGE"": ""LIABILITY_ORDER"", ""ARRANGEMENT_FLAG"": ""N"", ""LAST_PAYMENT_DATE"": ""2023-11-02"", ""LAST_PAYMENT_AMT"": ""20.00"", ""ENERGY_SUPPLIER_FLAG"": ""Y"", ""ENERGY_DEBT_FLAG"": ""Y"", ""ENERGY_DEBT_BAND"": ""\u00a31000+"", ""NIN_PRESENT"": ""N"", ""DOB_PRESENT"": ""N"", ""UPRN"": ""10093110220""}"
revenues_energy,CTAX-M40-330114,COUNCIL_TAX,,,RAHMAN A,,,4 VARLEY STREET MILES PLATTING,M40 7QW,,,10093244109,"{""EXTRACT_NAME"": ""MCC_REV_NIGHTLY"", ""EXTRACT_DATE"": ""2026-09-09"", ""ACCOUNT_REF"": ""CTAX-M40-330114"", ""ACCOUNT_TYPE"": ""COUNCIL_TAX"", ""ACCOUNT_NAME"": ""RAHMAN A"", ""ADDR_FULL"": ""4 VARLEY STREET MILES PLATTING"", ""POSTCODE"": ""M40 7QW"", ""FORWARD_DATE"": ""2023-01-09"", ""BALANCE"": ""0.00"", ""IN_RECOVERY"": ""N"", ""RECOVERY_STAGE"": ""NONE"", ""ARRANGEMENT_FLAG"": ""N"", ""LAST_PAYMENT_DATE"": ""2026-09-05"", ""LAST_PAYMENT_AMT"": ""110.00"", ""ENERGY_SUPPLIER_FLAG"": ""N"", ""ENERGY_DEBT_FLAG"": ""N"", ""ENERGY_DEBT_BAND"": """", ""NIN_PRESENT"": ""N"", ""DOB_PRESENT"": ""N"", ""UPRN"": ""10093244109""}"
revenues_energy,CTAX-M22-778120,COUNCIL_TAX,,,PRICE S,,,FLAT 3 SALISBURY HOUSE WYTHENSHAWE,M22 5RF,,,10092881002,"{""EXTRACT_NAME"": ""MCC_REV_NIGHTLY"", ""EXTRACT_DATE"": ""2026-09-09"", ""ACCOUNT_REF"": ""CTAX-M22-778120"", ""ACCOUNT_TYPE"": ""COUNCIL_TAX"", ""ACCOUNT_NAME"": ""PRICE S"", ""ADDR_FULL"": ""FLAT 3 SALISBURY HOUSE WYTHENSHAWE"", ""POSTCODE"": ""M22 5RF"", ""FORWARD_DATE"": ""2001-06-06"", ""BALANCE"": ""89.40"", ""IN_RECOVERY"": ""N"", ""RECOVERY_STAGE"": ""NONE"", ""ARRANGEMENT_FLAG"": ""N"", ""LAST_PAYMENT_DATE"": ""2026-08-28"", ""LAST_PAYMENT_AMT"": ""89.40"", ""ENERGY_SUPPLIER_FLAG"": ""Y"", ""ENERGY_DEBT_FLAG"": ""N"", ""ENERGY_DEBT_BAND"": """", ""NIN_PRESENT"": ""N"", ""DOB_PRESENT"": ""N"", ""UPRN"": ""10092881002""}"
revenues_energy,HEAT-ON-88421,DISTRICT_HEAT_RECHARGE,,,HALE M,,,18 BENGAL STREET,M46LN,,,10093022184,"{""EXTRACT_NAME"": ""MCC_REV_NIGHTLY"", ""EXTRACT_DATE"": ""2026-09-09"", ""ACCOUNT_REF"": ""HEAT-ON-88421"", ""ACCOUNT_TYPE"": ""DISTRICT_HEAT_RECHARGE"", ""ACCOUNT_NAME"": ""HALE M"", ""ADDR_FULL"": ""18 BENGAL STREET"", ""POSTCODE"": ""M46LN"", ""FORWARD_DATE"": ""2014-11-03"", ""BALANCE"": ""276.50"", ""IN_RECOVERY"": ""Y"", ""RECOVERY_STAGE"": ""STAGE_1"", ""ARRANGEMENT_FLAG"": ""N"", ""LAST_PAYMENT_DATE"": ""2026-03-03"", ""LAST_PAYMENT_AMT"": ""15.00"", ""ENERGY_SUPPLIER_FLAG"": ""Y"", ""ENERGY_DEBT_FLAG"": ""Y"", ""ENERGY_DEBT_BAND"": ""\u00a3250-499"", ""NIN_PRESENT"": ""N"", ""DOB_PRESENT"": ""N"", ""UPRN"": ""10093022184""}"
revenues_energy,CTAX-M4-990441,COUNCIL_TAX,,,BRENNAN C,,,11 POLAND ST ANCOATS,M4 6BN,,,10093300118,"{""EXTRACT_NAME"": ""MCC_REV_NIGHTLY"", ""EXTRACT_DATE"": ""2026-09-09"", ""ACCOUNT_REF"": ""CTAX-M4-990441"", ""ACCOUNT_TYPE"": ""COUNCIL_TAX"", ""ACCOUNT_NAME"": ""BRENNAN C"", ""ADDR_FULL"": ""11 POLAND ST ANCOATS"", ""POSTCODE"": ""M4 6BN"", ""FORWARD_DATE"": ""2025-01-19"", ""BALANCE"": ""872.15"", ""IN_RECOVERY"": ""Y"", ""RECOVERY_STAGE"": ""FINAL_NOTICE"", ""ARRANGEMENT_FLAG"": ""N"", ""LAST_PAYMENT_DATE"": ""2026-02-02"", ""LAST_PAYMENT_AMT"": ""20.00"", ""ENERGY_SUPPLIER_FLAG"": ""Y"", ""ENERGY_DEBT_FLAG"": ""Y"", ""ENERGY_DEBT_BAND"": ""\u00a3500-999"", ""NIN_PRESENT"": ""N"", ""DOB_PRESENT"": ""N"", ""UPRN"": ""10093300118""}"
revenues_energy,HEAT-ON-90112,DISTRICT_HEAT_RECHARGE,,,BRENNAN C,,,11 POLAND STREET,M46BN,,,10093300118,"{""EXTRACT_NAME"": ""MCC_REV_NIGHTLY"", ""EXTRACT_DATE"": ""2026-09-09"", ""ACCOUNT_REF"": ""HEAT-ON-90112"", ""ACCOUNT_TYPE"": ""DISTRICT_HEAT_RECHARGE"", ""ACCOUNT_NAME"": ""BRENNAN C"", ""ADDR_FULL"": ""11 POLAND STREET"", ""POSTCODE"": ""M46BN"", ""FORWARD_DATE"": ""2025-01-19"", ""BALANCE"": ""198.00"", ""IN_RECOVERY"": ""Y"", ""RECOVERY_STAGE"": ""STAGE_1"", ""ARRANGEMENT_FLAG"": ""N"", ""LAST_PAYMENT_DATE"": ""2026-01-20"", ""LAST_PAYMENT_AMT"": ""10.00"", ""ENERGY_SUPPLIER_FLAG"": ""Y"", ""ENERGY_DEBT_FLAG"": ""Y"", ""ENERGY_DEBT_BAND"": ""\u00a3100-249"", ""NIN_PRESENT"": ""N"", ""DOB_PRESENT"": ""N"", ""UPRN"": ""10093300118""}"
revenues_energy,CTAX-M4-221008,COUNCIL_TAX,,,NWOSU I,,,FLAT 7 30 REDHILL STREET ANCOATS,M4 5AE,,,10093411209,"{""EXTRACT_NAME"": ""MCC_REV_NIGHTLY"", ""EXTRACT_DATE"": ""2026-09-09"", ""ACCOUNT_REF"": ""CTAX-M4-221008"", ""ACCOUNT_TYPE"": ""COUNCIL_TAX"", ""ACCOUNT_NAME"": ""NWOSU I"", ""ADDR_FULL"": ""FLAT 7 30 REDHILL STREET ANCOATS"", ""POSTCODE"": ""M4 5AE"", ""FORWARD_DATE"": ""1999-05-08"", ""BALANCE"": ""0.00"", ""IN_RECOVERY"": ""N"", ""RECOVERY_STAGE"": ""NONE"", ""ARRANGEMENT_FLAG"": ""N"", ""LAST_PAYMENT_DATE"": ""2026-09-01"", ""LAST_PAYMENT_AMT"": ""94.10"", ""ENERGY_SUPPLIER_FLAG"": ""N"", ""ENERGY_DEBT_FLAG"": ""N"", ""ENERGY_DEBT_BAND"": """", ""NIN_PRESENT"": ""N"", ""DOB_PRESENT"": ""N"", ""UPRN"": ""10093411209""}"
